Episode,RL_Team,Random_Agent,Greedy_Agent
1,32,32,35
2,23,26,50
3,67,23,48
4,86,34,47
5,67,-8,57
6,74,24,69
7,102,32,22
8,76,4,50
9,30,53,64
10,82,37,77
11,66,4,62
12,102,3,70
13,106,19,54
14,93,29,45
15,81,15,28
16,55,41,50
17,77,26,47
18,75,33,36
19,28,41,51
20,96,26,43
21,25,24,64
22,80,19,50
23,99,20,55
24,80,57,62
25,93,39,61
26,72,39,59
27,89,11,45
28,76,51,73
29,89,38,37
30,79,32,28
31,84,7,21
32,104,26,40
33,28,11,47
34,18,14,55
35,47,20,85
36,82,10,38
37,91,11,49
38,89,52,52
39,83,45,76
40,61,28,47
41,41,30,25
42,84,6,54
43,58,12,66
44,102,47,44
45,73,31,46
46,69,15,42
47,58,20,54
48,47,7,28
49,100,32,93
50,51,14,81
51,42,-12,52
52,91,47,55
53,86,51,66
54,53,1,44
55,77,14,71
56,55,40,53
57,77,-10,45
58,68,31,46
59,80,16,66
60,48,35,36
61,64,40,47
62,57,40,28
63,53,40,28
64,46,2,29
65,13,21,59
66,30,54,41
67,64,23,44
68,90,22,52
69,66,5,40
70,75,9,60
71,71,43,46
72,46,29,54
73,43,44,53
74,71,23,28
75,70,22,49
76,55,51,56
77,84,19,37
78,42,40,49
79,64,32,37
80,75,34,65
81,89,28,8
82,84,9,41
83,73,47,53
84,30,20,39
85,78,12,59
86,58,33,52
87,82,31,50
88,61,-5,50
89,26,27,23
90,56,57,72
91,46,14,54
92,88,39,51
93,87,22,38
94,38,4,44
95,79,16,29
96,86,36,45
97,102,1,63
98,12,25,62
99,42,39,41
100,70,14,50
101,64,22,79
102,63,-6,56
103,64,-6,28
104,56,11,46
105,29,17,39
106,85,5,31
107,44,17,74
108,71,5,38
109,71,43,67
110,39,0,38
111,14,37,64
112,73,16,49
113,75,32,31
114,64,15,52
115,40,21,19
116,54,52,17
117,92,27,60
118,83,-16,50
119,89,58,48
120,83,37,50
121,54,58,57
122,13,45,57
123,62,45,53
124,40,24,41
125,46,59,58
126,50,49,55
127,72,21,64
128,48,25,48
129,66,-5,32
130,69,33,64
131,72,30,42
132,88,23,66
133,69,34,53
134,89,34,67
135,58,29,64
136,8,-7,61
137,61,52,58
138,61,24,36
139,43,36,65
140,48,23,42
141,88,36,62
142,103,41,62
143,85,15,52
144,51,52,55
145,38,23,47
146,90,21,94
147,30,25,40
148,48,19,53
149,103,54,47
150,91,45,45
151,78,65,74
152,92,25,60
153,27,6,59
154,73,41,45
155,64,2,46
156,62,12,55
157,80,51,38
158,58,56,47
159,63,7,51
160,71,40,47
161,60,-1,74
162,59,66,42
163,61,25,75
164,64,20,60
165,106,26,45
166,87,-11,53
167,88,13,64
168,109,20,18
169,61,13,62
170,86,16,58
171,82,2,52
172,59,15,60
173,59,62,59
174,55,42,48
175,65,5,61
176,72,16,64
177,31,50,62
178,88,10,46
179,108,52,36
180,70,12,61
181,49,23,54
182,73,34,76
183,92,15,73
184,69,45,65
185,80,24,56
186,101,18,58
187,44,25,28
188,85,17,54
189,76,32,56
190,85,32,43
191,59,-2,38
192,35,4,56
193,63,23,65
194,74,14,55
195,34,38,41
196,65,29,53
197,92,27,44
198,79,20,53
199,93,39,47
200,99,15,73
201,44,40,47
202,86,56,10
203,84,57,38
204,59,22,84
205,103,-15,52
206,66,1,31
207,66,21,43
208,65,41,76
209,80,10,40
210,76,50,43
211,84,53,67
212,51,15,72
213,62,5,66
214,74,42,58
215,60,23,60
216,45,46,33
217,42,-5,71
218,67,3,35
219,56,15,47
220,77,10,48
221,49,33,48
222,44,32,65
223,39,18,48
224,14,31,56
225,47,49,64
226,58,3,52
227,49,32,44
228,56,-10,17
229,62,49,46
230,80,41,39
231,31,48,79
232,47,11,32
233,34,60,57
234,72,33,81
235,53,5,29
236,80,8,53
237,80,4,48
238,66,40,63
239,33,51,80
240,53,50,48
241,95,38,31
242,66,16,57
243,54,32,60
244,27,38,42
245,68,43,32
246,61,45,44
247,67,-13,34
248,39,40,43
249,67,21,36
250,43,3,57
251,85,22,59
252,87,15,83
253,3,16,48
254,78,44,57
255,27,51,22
256,58,21,58
257,81,32,45
258,58,10,46
259,67,31,80
260,17,45,43
261,31,11,18
262,66,28,42
263,92,20,40
264,57,32,43
265,26,32,51
266,33,52,68
267,95,40,72
268,21,21,53
269,51,2,65
270,53,34,39
271,23,16,63
272,71,42,33
273,23,34,27
274,71,49,70
275,86,36,72
276,102,-5,38
277,42,34,73
278,48,51,78
279,64,53,72
280,67,39,64
281,48,12,56
282,50,26,59
283,88,26,50
284,39,23,58
285,32,25,61
286,51,30,55
287,63,3,74
288,85,27,59
289,64,27,55
290,48,43,63
291,66,32,35
292,48,42,52
293,66,39,84
294,54,36,37
295,94,48,52
296,53,54,66
297,58,12,22
298,44,68,39
299,72,41,42
300,51,30,48
301,54,62,48
302,40,11,53
303,79,16,48
304,87,10,57
305,8,15,48
306,49,15,45
307,78,32,58
308,33,26,6
309,71,50,71
310,98,58,43
311,60,-7,68
312,66,22,26
313,69,28,63
314,97,41,39
315,48,52,65
316,81,17,58
317,78,23,62
318,29,32,66
319,59,40,55
320,47,42,28
321,64,20,54
322,6,62,47
323,84,0,52
324,55,-15,57
325,93,46,67
326,76,35,51
327,32,19,54
328,79,16,50
329,81,12,50
330,96,19,56
331,41,43,50
332,78,27,59
333,28,32,40
334,79,45,56
335,77,41,38
336,91,37,45
337,17,24,54
338,34,31,57
339,68,29,11
340,42,22,42
341,75,28,69
342,71,57,42
343,37,51,61
344,31,28,77
345,50,31,59
346,54,45,66
347,17,48,27
348,43,20,71
349,67,5,59
350,54,25,44
351,51,-34,63
352,88,43,67
353,28,-10,79
354,75,9,50
355,61,27,47
356,32,42,53
357,69,33,32
358,36,7,47
359,26,41,60
360,71,19,41
361,75,34,16
362,22,15,56
363,34,3,66
364,45,39,23
365,36,9,41
366,57,16,37
367,59,4,69
368,74,44,53
369,11,64,63
370,53,11,67
371,51,53,63
372,62,18,54
373,62,26,70
374,25,31,55
375,47,35,55
376,52,60,56
377,47,3,55
378,46,23,35
379,52,6,47
380,69,7,57
381,40,22,96
382,71,18,51
383,81,28,72
384,36,30,55
385,49,38,48
386,73,-4,45
387,105,25,52
388,55,37,14
389,73,22,50
390,87,34,23
391,17,6,74
392,50,24,45
393,45,8,68
394,51,26,52
395,33,18,48
396,11,28,74
397,52,19,56
398,49,16,64
399,54,31,49
400,85,24,66
401,46,33,50
402,52,57,56
403,17,30,82
404,93,34,41
405,9,11,46
406,90,14,80
407,57,34,91
408,72,-6,58
409,67,28,39
410,69,3,42
411,86,-10,88
412,72,18,31
413,45,45,56
414,61,15,59
415,64,40,62
416,35,30,40
417,85,59,41
418,80,19,47
419,64,33,82
420,23,-14,49
421,64,5,63
422,68,8,67
423,44,40,70
424,76,12,43
425,55,20,47
426,86,45,53
427,30,40,8
428,49,33,68
429,73,42,42
430,37,25,51
431,63,-4,78
432,34,53,40
433,39,29,47
434,93,25,44
435,90,1,22
436,76,6,36
437,83,25,54
438,71,6,68
439,95,40,48
440,66,16,47
441,77,9,66
442,79,45,60
443,40,33,32
444,38,23,49
445,45,-3,53
446,82,14,65
447,46,68,48
448,36,53,85
449,91,3,52
450,84,34,68
451,47,-18,37
452,37,56,50
453,90,47,43
454,77,34,57
455,29,41,55
456,49,13,55
457,48,53,43
458,54,39,40
459,73,4,39
460,49,35,57
461,41,26,62
462,54,32,13
463,54,38,59
464,57,34,49
465,67,42,69
466,72,14,22
467,46,14,84
468,71,9,36
469,56,4,33
470,53,20,56
471,74,16,52
472,91,-6,41
473,37,47,56
474,72,28,87
475,73,25,44
476,44,39,58
477,30,43,61
478,54,9,49
479,9,32,45
480,84,38,48
481,38,23,42
482,94,25,50
483,65,2,23
484,85,32,37
485,44,20,56
486,30,29,55
487,72,15,43
488,31,34,39
489,44,74,48
490,74,9,32
491,43,27,69
492,64,20,70
493,85,16,54
494,60,7,41
495,69,26,42
496,72,16,59
497,58,10,53
498,56,37,57
499,91,23,58
500,30,51,39
501,33,25,49
502,40,33,34
503,70,30,66
504,3,15,42
505,66,19,56
506,78,33,53
507,38,26,33
508,81,47,52
509,38,29,28
510,61,24,83
511,78,51,30
512,35,35,47
513,93,35,40
514,30,31,65
515,38,14,62
516,59,38,47
517,20,25,80
518,69,19,32
519,112,35,45
520,5,-2,38
521,53,10,50
522,49,1,69
523,48,54,79
524,64,17,57
525,41,27,64
526,21,10,58
527,63,11,62
528,35,14,49
529,33,20,37
530,83,52,53
531,82,1,39
532,42,34,65
533,92,23,50
534,86,13,79
535,41,21,45
536,64,38,58
537,31,51,90
538,93,-1,56
539,75,38,35
540,88,16,58
541,90,5,52
542,81,3,55
543,37,49,28
544,56,28,50
545,37,47,62
546,50,16,64
547,84,23,62
548,12,28,63
549,75,18,45
550,45,3,53
551,95,54,38
552,55,59,58
553,95,47,61
554,5,47,48
555,47,29,20
556,47,20,68
557,89,37,58
558,64,20,73
559,45,49,82
560,73,42,56
561,34,38,57
562,45,14,38
563,65,10,57
564,26,14,26
565,32,40,50
566,37,24,53
567,61,17,54
568,78,12,32
569,73,28,71
570,55,16,48
571,17,4,74
572,64,4,74
573,53,8,38
574,87,40,76
575,52,0,57
576,64,12,49
577,63,15,57
578,62,36,62
579,58,6,51
580,26,33,56
581,57,47,66
582,83,-1,42
583,69,22,68
584,22,34,45
585,67,34,47
586,25,48,56
587,55,43,64
588,27,13,38
589,24,35,64
590,62,53,60
591,46,64,72
592,48,35,45
593,64,29,58
594,21,19,74
595,24,50,43
596,68,34,57
597,50,56,51
598,32,25,83
599,88,-2,50
600,35,41,56
601,35,-1,32
602,21,55,52
603,56,34,47
604,73,35,76
605,47,9,54
606,61,-6,49
607,58,41,42
608,65,19,45
609,70,33,45
610,68,68,50
611,18,25,49
612,39,25,54
613,79,19,36
614,81,25,57
615,39,10,39
616,71,52,51
617,26,36,59
618,53,58,42
619,86,30,66
620,75,-9,84
621,25,9,32
622,40,27,38
623,77,37,54
624,12,41,33
625,22,12,46
626,42,-1,35
627,63,-9,53
628,60,15,68
629,85,28,51
630,46,12,47
631,39,38,59
632,85,41,54
633,24,36,32
634,62,1,48
635,71,33,51
636,65,17,46
637,56,36,31
638,53,30,55
639,102,37,70
640,23,-1,71
641,43,25,34
642,33,24,78
643,49,21,60
644,86,9,55
645,70,-10,67
646,66,25,78
647,34,20,48
648,58,31,42
649,50,43,54
650,78,25,13
651,53,4,38
652,48,-2,75
653,49,24,34
654,95,42,66
655,94,35,47
656,34,19,52
657,47,51,32
658,71,52,25
659,79,39,69
660,83,64,28
661,74,50,57
662,85,49,23
663,35,24,65
664,59,8,10
665,31,17,39
666,71,-3,69
667,18,46,55
668,35,62,47
669,42,53,49
670,16,61,37
671,46,36,69
672,47,34,51
673,18,32,45
674,43,45,56
675,66,31,63
676,83,20,34
677,44,46,55
678,53,5,35
679,57,35,44
680,5,16,52
681,19,11,50
682,33,24,54
683,70,54,36
684,65,6,55
685,50,23,37
686,60,26,15
687,28,47,60
688,96,32,48
689,52,26,62
690,74,1,55
691,36,15,35
692,67,29,28
693,75,35,69
694,78,32,56
695,53,15,54
696,53,4,59
697,50,40,54
698,68,6,65
699,66,21,58
700,1,38,71
701,49,25,40
702,70,-24,24
703,71,55,72
704,74,27,43
705,64,40,42
706,64,34,51
707,61,47,74
708,67,-21,38
709,59,23,44
710,109,41,52
711,-8,54,67
712,-2,17,50
713,95,36,55
714,35,22,59
715,73,-1,73
716,21,14,50
717,89,56,73
718,46,30,36
719,62,39,69
720,69,28,52
721,54,-21,56
722,34,12,45
723,38,15,52
724,43,27,61
725,86,31,67
726,44,-4,54
727,-3,20,41
728,66,24,58
729,95,24,10
730,29,20,43
731,54,61,41
732,93,35,49
733,18,29,43
734,89,55,49
735,70,34,42
736,57,31,59
737,22,-14,55
738,39,36,64
739,52,15,64
740,66,40,49
741,56,8,37
742,78,21,59
743,62,25,8
744,82,26,20
745,44,5,48
746,98,38,39
747,65,37,67
748,47,32,41
749,28,15,57
750,74,43,47
751,64,21,59
752,71,39,16
753,29,28,69
754,41,2,57
755,59,3,57
756,57,18,57
757,66,48,46
758,69,34,38
759,87,17,33
760,34,11,61
761,79,1,33
762,42,21,42
763,28,39,65
764,67,2,43
765,64,40,60
766,40,6,68
767,23,28,42
768,91,-3,51
769,62,38,46
770,41,22,49
771,52,49,59
772,8,33,40
773,63,39,28
774,93,60,49
775,39,11,53
776,82,4,34
777,28,12,36
778,51,40,38
779,34,-26,45
780,66,37,59
781,77,9,48
782,44,44,22
783,7,58,56
784,61,24,41
785,64,-3,52
786,67,31,83
787,95,21,50
788,65,24,57
789,86,12,41
790,84,28,65
791,34,30,42
792,87,32,26
793,76,34,56
794,44,23,46
795,58,13,50
796,15,7,45
797,22,39,51
798,13,58,81
799,89,47,62
800,22,45,45
801,95,32,63
802,60,-20,46
803,21,8,59
804,38,50,67
805,19,17,53
806,85,25,41
807,76,21,50
808,61,28,52
809,74,35,55
810,16,11,62
811,55,32,85
812,86,38,41
813,9,47,49
814,68,6,49
815,82,13,42
816,53,5,34
817,69,24,36
818,84,-25,56
819,57,-3,40
820,17,29,57
821,-15,25,60
822,39,49,41
823,81,47,51
824,34,10,35
825,66,26,40
826,87,32,62
827,33,6,31
828,43,39,52
829,26,63,67
830,106,35,57
831,57,40,52
832,64,28,72
833,28,32,49
834,87,42,34
835,51,41,63
836,91,-13,49
837,45,26,43
838,1,40,66
839,48,6,59
840,69,49,81
841,66,57,58
842,80,42,42
843,48,16,48
844,63,8,19
845,62,0,37
846,91,48,4
847,37,42,40
848,57,27,58
849,56,35,19
850,-2,-12,50
851,26,24,48
852,55,36,30
853,69,-18,49
854,99,12,45
855,59,17,38
856,61,34,55
857,17,38,80
858,34,4,43
859,24,27,21
860,70,23,57
861,5,-11,64
862,20,44,65
863,25,45,61
864,11,59,76
865,18,48,66
866,36,24,49
867,15,20,52
868,16,41,27
869,8,32,83
870,28,26,64
871,73,23,46
872,75,37,30
873,48,32,43
874,66,-16,54
875,90,3,81
876,38,16,57
877,17,19,47
878,31,46,34
879,17,17,52
880,35,23,40
881,44,18,57
882,44,53,80
883,49,13,42
884,84,24,49
885,63,22,61
886,64,8,43
887,43,29,79
888,67,13,57
889,52,22,42
890,87,17,65
891,85,24,55
892,67,20,51
893,54,-5,20
894,94,28,66
895,58,46,45
896,73,70,62
897,59,36,46
898,17,0,64
899,12,43,46
900,17,21,39
901,37,15,46
902,56,37,37
903,66,28,72
904,84,20,53
905,30,15,69
906,69,30,75
907,9,27,71
908,58,27,62
909,18,8,64
910,62,63,69
911,20,45,51
912,41,7,40
913,80,15,21
914,48,45,69
915,70,65,50
916,80,49,62
917,60,-1,54
918,88,19,56
919,37,19,50
920,76,13,71
921,54,32,71
922,17,8,35
923,32,25,33
924,21,37,54
925,77,36,46
926,80,30,64
927,74,15,42
928,95,23,77
929,79,30,62
930,63,23,46
931,94,15,63
932,20,20,33
933,45,23,80
934,73,34,48
935,73,31,44
936,91,38,82
937,19,42,69
938,22,19,49
939,99,10,56
940,46,20,20
941,33,39,36
942,14,23,56
943,73,28,38
944,7,38,54
945,69,19,57
946,84,34,62
947,38,18,52
948,33,17,62
949,46,-21,53
950,41,14,43
951,84,32,46
952,93,52,63
953,45,29,42
954,40,45,51
955,60,24,52
956,25,2,19
957,32,27,72
958,5,-1,53
959,44,36,49
960,73,20,41
961,75,34,22
962,66,28,55
963,12,19,62
964,13,-1,58
965,92,40,44
966,60,16,62
967,102,20,36
968,39,39,6
969,40,-2,48
970,72,7,52
971,46,5,67
972,102,29,71
973,57,22,49
974,39,50,33
975,46,15,36
976,84,21,58
977,23,-1,63
978,44,55,62
979,72,30,54
980,25,49,50
981,48,55,42
982,29,21,51
983,71,70,30
984,53,-9,35
985,39,22,46
986,79,29,60
987,74,28,65
988,43,43,62
989,45,34,61
990,59,13,37
991,44,16,42
992,83,2,66
993,14,2,14
994,47,31,53
995,47,18,64
996,40,35,48
997,43,32,57
998,48,0,29
999,52,22,54
1000,42,21,42
1001,54,51,39
1002,49,-7,32
1003,43,11,59
1004,52,11,70
1005,66,26,67
1006,91,31,59
1007,41,35,48
1008,57,-3,52
1009,53,28,38
1010,32,24,70
1011,80,26,51
1012,15,49,52
1013,56,-6,60
1014,62,42,65
1015,65,33,57
1016,94,-24,62
1017,67,54,56
1018,50,28,60
1019,25,29,42
1020,21,45,64
1021,68,37,40
1022,18,20,50
1023,56,39,76
1024,87,25,33
1025,64,45,49
1026,88,34,80
1027,68,24,55
1028,65,35,43
1029,59,27,46
1030,31,35,49
1031,72,32,69
1032,64,22,42
1033,49,24,42
1034,75,61,26
1035,61,23,40
1036,55,12,45
1037,72,28,63
1038,69,10,60
1039,63,22,30
1040,72,22,55
1041,57,23,51
1042,59,1,54
1043,63,0,75
1044,42,28,56
1045,39,20,27
1046,42,29,56
1047,83,29,58
1048,52,-1,25
1049,75,41,44
1050,88,-21,72
1051,44,30,43
1052,78,14,38
1053,61,21,71
1054,43,53,44
1055,58,-1,51
1056,93,39,39
1057,90,-8,73
1058,58,5,35
1059,94,4,70
1060,22,38,58
1061,49,34,46
1062,39,22,33
1063,47,6,60
1064,56,37,39
1065,25,25,47
1066,102,20,47
1067,37,18,36
1068,71,14,43
1069,37,21,51
1070,51,30,84
1071,71,9,54
1072,52,55,60
1073,51,5,79
1074,69,18,65
1075,69,29,48
1076,82,2,41
1077,41,37,63
1078,13,-6,43
1079,87,20,62
1080,56,43,47
1081,56,41,67
1082,69,26,47
1083,37,13,40
1084,70,-8,53
1085,64,18,84
1086,98,48,67
1087,50,74,61
1088,30,0,56
1089,65,-1,36
1090,19,1,30
1091,8,55,57
1092,70,26,67
1093,47,0,54
1094,59,4,50
1095,-1,8,59
1096,28,51,79
1097,96,2,48
1098,53,15,49
1099,78,25,43
1100,13,45,35
1101,82,47,52
1102,76,36,39
1103,20,3,51
1104,81,25,50
1105,36,-3,27
1106,108,40,98
1107,61,57,81
1108,95,19,60
1109,67,24,50
1110,35,21,64
1111,26,41,42
1112,33,35,43
1113,75,39,44
1114,-8,44,59
1115,29,39,76
1116,28,55,39
1117,54,29,59
1118,19,25,56
1119,40,48,62
1120,56,45,51
1121,59,36,67
1122,43,17,56
1123,88,-19,64
1124,95,17,50
1125,67,24,65
1126,73,25,52
1127,37,52,59
1128,80,55,76
1129,64,38,51
1130,60,28,67
1131,43,28,60
1132,71,37,47
1133,9,18,26
1134,-3,45,48
1135,28,16,58
1136,58,25,33
1137,56,13,78
1138,20,19,49
1139,66,59,49
1140,37,57,38
1141,26,25,59
1142,64,39,74
1143,56,7,68
1144,57,19,80
1145,82,44,70
1146,24,41,43
1147,85,18,73
1148,27,35,56
1149,44,29,50
1150,70,34,26
1151,67,7,77
1152,23,6,81
1153,37,17,49
1154,18,32,70
1155,87,-2,57
1156,54,60,51
1157,45,28,82
1158,87,46,48
1159,40,10,52
1160,28,-2,40
1161,47,41,66
1162,91,38,64
1163,62,51,57
1164,43,15,69
1165,8,36,13
1166,63,33,47
1167,66,40,49
1168,36,55,70
1169,35,36,43
1170,81,12,60
1171,69,23,61
1172,84,36,60
1173,78,-2,65
1174,58,27,35
1175,89,9,71
1176,56,31,41
1177,36,2,46
1178,55,17,62
1179,22,40,55
1180,70,11,56
1181,101,7,56
1182,51,46,67
1183,47,33,48
1184,47,41,37
1185,68,7,56
1186,62,40,42
1187,51,9,33
1188,69,24,62
1189,45,23,42
1190,66,30,47
1191,85,6,34
1192,38,24,45
1193,60,43,47
1194,66,33,46
1195,80,8,51
1196,84,14,65
1197,75,34,71
1198,83,33,49
1199,53,67,73
1200,66,21,52
1201,88,34,26
1202,35,52,60
1203,29,-1,61
1204,19,46,71
1205,71,56,56
1206,84,24,75
1207,56,6,49
1208,20,24,74
1209,65,-6,69
1210,85,34,65
1211,108,64,33
1212,16,14,55
1213,80,-25,37
1214,44,23,57
1215,36,26,47
1216,99,46,53
1217,32,14,67
1218,54,74,73
1219,63,47,68
1220,79,43,58
1221,15,17,68
1222,34,32,76
1223,11,7,37
1224,46,33,67
1225,67,71,49
1226,38,20,60
1227,53,12,51
1228,35,17,30
1229,26,20,36
1230,53,30,43
1231,95,10,75
1232,65,25,64
1233,104,29,59
1234,56,15,58
1235,87,53,46
1236,60,20,95
1237,25,36,48
1238,57,13,69
1239,59,18,59
1240,96,33,63
1241,79,16,80
1242,53,-12,53
1243,85,44,63
1244,62,66,40
1245,50,36,49
1246,56,56,56
1247,67,54,67
1248,50,21,82
1249,11,36,50
1250,3,42,49
1251,21,-11,33
1252,47,50,46
1253,72,16,46
1254,60,51,54
1255,35,16,33
1256,9,10,65
1257,42,43,60
1258,47,15,49
1259,68,-9,52
1260,97,29,64
1261,54,2,51
1262,79,18,51
1263,70,41,61
1264,59,75,72
1265,58,47,43
1266,59,35,81
1267,53,-6,40
1268,65,17,36
1269,47,47,66
1270,82,33,59
1271,79,25,61
1272,37,39,55
1273,43,9,63
1274,84,44,46
1275,70,10,25
1276,59,28,50
1277,52,15,81
1278,53,10,59
1279,57,27,26
1280,83,57,49
1281,28,24,53
1282,98,27,58
1283,43,39,53
1284,61,70,51
1285,56,56,61
1286,53,52,49
1287,55,52,60
1288,19,34,39
1289,64,16,66
1290,30,25,45
1291,76,36,54
1292,66,24,38
1293,25,19,63
1294,74,44,49
1295,36,39,67
1296,59,4,55
1297,22,22,50
1298,100,60,72
1299,50,58,41
1300,44,31,49
1301,84,18,52
1302,63,7,44
1303,80,58,61
1304,15,51,50
1305,4,26,84
1306,61,45,58
1307,48,1,71
1308,9,-4,49
1309,14,10,78
1310,78,-28,35
1311,24,22,53
1312,63,35,65
1313,72,60,62
1314,66,-3,47
1315,39,4,42
1316,78,-30,60
1317,74,27,72
1318,43,34,70
1319,61,-2,42
1320,78,17,39
1321,48,56,57
1322,74,33,51
1323,4,21,36
1324,74,7,59
1325,103,55,49
1326,54,76,51
1327,78,22,69
1328,49,33,80
1329,78,37,32
1330,106,67,32
1331,30,32,50
1332,67,10,34
1333,63,27,42
1334,102,15,25
1335,29,77,50
1336,30,-15,47
1337,26,30,37
1338,29,-20,53
1339,33,31,40
1340,31,16,51
1341,84,34,43
1342,24,9,63
1343,83,30,43
1344,46,3,56
1345,31,18,41
1346,54,38,51
1347,73,22,72
1348,76,38,55
1349,46,47,61
1350,48,50,63
1351,33,7,30
1352,0,70,31
1353,19,-11,31
1354,47,6,27
1355,38,-8,50
1356,88,13,59
1357,77,43,73
1358,97,26,43
1359,82,32,49
1360,36,36,68
1361,80,28,35
1362,73,31,81
1363,107,21,47
1364,11,20,59
1365,27,68,66
1366,71,-6,41
1367,81,59,67
1368,45,10,70
1369,15,13,66
1370,66,4,55
1371,55,25,81
1372,56,19,75
1373,90,38,50
1374,82,9,48
1375,37,-2,48
1376,49,52,53
1377,54,47,45
1378,26,2,63
1379,-7,0,31
1380,67,29,16
1381,67,51,33
1382,50,20,52
1383,11,22,77
1384,58,38,45
1385,49,58,58
1386,63,42,70
1387,50,34,54
1388,81,36,62
1389,58,-15,62
1390,59,15,76
1391,55,45,80
1392,52,-1,55
1393,42,44,60
1394,70,-15,24
1395,98,24,50
1396,60,22,56
1397,77,52,57
1398,47,63,62
1399,60,17,54
1400,8,39,31
1401,85,27,39
1402,66,49,37
1403,49,41,52
1404,73,29,69
1405,100,14,50
1406,47,21,56
1407,60,27,57
1408,55,43,50
1409,18,40,63
1410,64,35,49
1411,30,52,36
1412,65,9,53
1413,59,1,67
1414,68,29,57
1415,77,62,67
1416,47,11,69
1417,65,43,45
1418,42,10,61
1419,41,19,56
1420,78,36,44
1421,46,10,44
1422,49,12,45
1423,42,32,59
1424,24,36,62
1425,34,-5,57
1426,81,46,35
1427,51,38,39
1428,34,16,56
1429,60,49,57
1430,40,11,21
1431,47,35,48
1432,63,38,42
1433,90,52,40
1434,45,19,53
1435,89,-17,77
1436,73,32,63
1437,60,-4,49
1438,42,48,65
1439,85,34,50
1440,66,32,85
1441,22,47,40
1442,79,46,41
1443,63,6,35
1444,15,21,43
1445,45,60,48
1446,57,13,55
1447,53,11,66
1448,26,20,59
1449,51,16,14
1450,54,-6,48
1451,61,54,25
1452,63,0,49
1453,101,38,67
1454,80,16,65
1455,19,23,57
1456,56,36,40
1457,31,15,45
1458,87,63,43
1459,56,15,56
1460,39,22,74
1461,70,50,47
1462,56,61,38
1463,32,38,68
1464,27,27,71
1465,32,26,55
1466,55,69,92
1467,52,12,56
1468,88,17,55
1469,77,45,9
1470,81,18,48
1471,20,41,31
1472,57,36,40
1473,47,9,55
1474,58,34,87
1475,55,36,63
1476,60,25,76
1477,37,39,69
1478,25,19,53
1479,64,-10,64
1480,12,45,21
1481,58,31,78
1482,59,45,36
1483,62,42,63
1484,26,52,17
1485,99,9,46
1486,59,26,83
1487,23,40,40
1488,92,18,38
1489,31,31,64
1490,10,26,52
1491,25,36,36
1492,38,19,49
1493,49,35,49
1494,53,44,71
1495,76,41,56
1496,55,7,93
1497,21,54,67
1498,80,19,41
1499,72,26,55
1500,54,21,45
1501,42,27,60
1502,56,20,52
1503,67,48,37
1504,95,27,48
1505,83,12,43
1506,76,59,57
1507,82,15,59
1508,23,47,54
1509,59,33,32
1510,24,-27,56
1511,75,34,65
1512,73,29,51
1513,61,28,74
1514,37,29,71
1515,47,27,76
1516,55,27,34
1517,48,37,48
1518,52,55,57
1519,64,2,48
1520,60,37,44
1521,48,30,49
1522,84,49,44
1523,23,6,50
1524,56,18,49
1525,68,-5,61
1526,68,26,45
1527,63,20,70
1528,67,34,51
1529,26,39,63
1530,21,13,72
1531,57,3,74
1532,82,59,48
1533,54,-4,61
1534,83,33,48
1535,60,17,56
1536,65,14,46
1537,54,16,50
1538,71,32,73
1539,38,48,56
1540,82,53,73
1541,60,14,51
1542,66,30,55
1543,77,17,69
1544,26,41,83
1545,22,-23,65
1546,12,11,30
1547,37,15,35
1548,91,6,34
1549,38,25,41
1550,23,22,71
1551,78,26,43
1552,43,16,87
1553,27,13,66
1554,83,13,52
1555,90,42,35
1556,27,41,39
1557,60,18,72
1558,25,34,30
1559,70,3,76
1560,16,24,63
1561,102,35,71
1562,54,17,43
1563,40,16,64
1564,-4,40,51
1565,57,64,31
1566,43,33,54
1567,47,29,68
1568,85,27,51
1569,48,35,24
1570,61,11,41
1571,-2,48,64
1572,48,14,51
1573,43,38,53
1574,48,34,59
1575,61,34,73
1576,58,7,31
1577,62,45,30
1578,86,15,53
1579,63,21,49
1580,16,16,24
1581,76,8,74
1582,25,42,51
1583,90,47,73
1584,50,46,69
1585,-12,64,54
1586,67,31,61
1587,93,-1,49
1588,85,32,33
1589,63,38,55
1590,14,41,50
1591,37,36,56
1592,31,44,27
1593,96,-20,52
1594,36,50,37
1595,59,35,65
1596,62,31,43
1597,91,13,45
1598,29,28,84
1599,41,10,46
1600,81,-6,33
1601,74,34,51
1602,66,38,12
1603,54,27,46
1604,73,10,74
1605,66,22,86
1606,72,-3,45
1607,72,23,71
1608,71,25,51
1609,66,49,39
1610,77,1,65
1611,70,29,50
1612,38,31,53
1613,55,47,45
1614,60,52,73
1615,39,20,78
1616,54,6,43
1617,74,51,38
1618,33,20,62
1619,50,23,48
1620,31,17,73
1621,69,54,48
1622,57,20,51
1623,75,42,60
1624,17,27,36
1625,43,52,63
1626,72,3,66
1627,52,-12,49
1628,86,29,44
1629,42,12,40
1630,58,10,42
1631,-4,33,62
1632,24,-21,39
1633,103,8,55
1634,64,57,52
1635,104,24,63
1636,34,34,41
1637,36,23,42
1638,84,13,36
1639,14,19,69
1640,67,61,55
1641,24,28,14
1642,80,45,48
1643,82,51,61
1644,40,22,70
1645,31,12,51
1646,62,39,53
1647,7,-5,54
1648,64,12,48
1649,56,26,53
1650,71,19,55
1651,47,41,47
1652,62,24,6
1653,57,22,58
1654,63,33,36
1655,51,32,38
1656,2,-4,64
1657,42,37,56
1658,18,23,49
1659,45,-8,56
1660,52,8,45
1661,46,47,75
1662,41,34,52
1663,93,32,59
1664,69,52,60
1665,86,48,69
1666,77,-9,42
1667,52,35,70
1668,81,58,64
1669,80,69,67
1670,67,46,48
1671,56,25,36
1672,30,15,76
1673,39,49,20
1674,67,12,76
1675,46,19,36
1676,46,49,59
1677,44,9,48
1678,34,47,48
1679,78,18,43
1680,34,1,74
1681,59,29,88
1682,82,15,80
1683,25,29,55
1684,15,42,48
1685,62,13,37
1686,59,4,60
1687,91,19,35
1688,54,11,28
1689,66,-3,41
1690,23,51,61
1691,89,18,42
1692,60,24,38
1693,15,23,46
1694,86,28,42
1695,52,29,50
1696,81,34,48
1697,64,42,30
1698,42,30,48
1699,11,7,61
1700,71,47,53
1701,40,27,47
1702,85,43,61
1703,9,14,57
1704,72,47,47
1705,33,7,56
1706,52,15,39
1707,62,2,67
1708,34,41,55
1709,25,25,59
1710,74,21,51
1711,19,-5,57
1712,80,33,39
1713,89,13,50
1714,41,13,38
1715,49,3,76
1716,102,30,46
1717,46,14,58
1718,9,9,38
1719,51,1,44
1720,60,32,28
1721,51,33,51
1722,66,45,33
1723,41,36,50
1724,89,6,30
1725,63,16,45
1726,75,14,56
1727,74,51,64
1728,69,12,30
1729,17,27,54
1730,46,29,55
1731,73,39,49
1732,67,43,43
1733,36,6,56
1734,44,59,36
1735,64,17,46
1736,51,21,76
1737,65,10,51
1738,90,37,64
1739,69,34,52
1740,65,30,52
1741,59,36,52
1742,21,16,49
1743,22,18,31
1744,52,29,51
1745,74,37,62
1746,69,39,49
1747,47,39,64
1748,20,4,53
1749,39,35,49
1750,80,30,32
1751,41,49,9
1752,97,41,46
1753,38,40,66
1754,-1,19,52
1755,50,22,50
1756,81,-3,49
1757,36,46,61
1758,56,38,49
1759,77,42,90
1760,43,0,64
1761,45,35,44
1762,54,3,61
1763,49,-4,64
1764,48,43,45
1765,56,4,55
1766,35,55,91
1767,77,-7,40
1768,64,48,50
1769,44,60,51
1770,66,-19,64
1771,88,12,62
1772,51,12,26
1773,69,22,63
1774,67,51,50
1775,53,35,53
1776,30,15,49
1777,29,6,45
1778,48,33,51
1779,72,-17,13
1780,49,18,27
1781,63,7,40
1782,75,9,66
1783,54,46,57
1784,43,6,38
1785,48,58,52
1786,57,20,51
1787,46,18,58
1788,74,49,28
1789,74,33,46
1790,44,38,48
1791,80,43,63
1792,76,15,34
1793,34,47,53
1794,85,28,67
1795,64,29,40
1796,41,20,85
1797,9,25,23
1798,7,-1,46
1799,58,24,54
1800,52,20,34
1801,46,-7,32
1802,87,17,59
1803,75,47,62
1804,63,55,68
1805,41,19,44
1806,59,21,39
1807,29,4,72
1808,84,21,63
1809,78,37,42
1810,38,12,49
1811,44,23,44
1812,65,24,69
1813,39,18,53
1814,94,54,51
1815,8,-16,88
1816,12,17,55
1817,76,9,56
1818,22,2,86
1819,50,0,60
1820,38,46,40
1821,47,29,69
1822,73,-1,54
1823,0,52,36
1824,65,32,78
1825,58,32,68
1826,49,17,46
1827,76,19,41
1828,56,24,44
1829,9,16,43
1830,31,21,62
1831,74,38,70
1832,6,72,51
1833,14,47,53
1834,70,19,66
1835,45,39,58
1836,35,30,48
1837,77,33,47
1838,62,19,65
1839,106,18,53
1840,63,20,49
1841,80,21,48
1842,60,20,36
1843,36,9,57
1844,51,21,21
1845,32,36,43
1846,46,44,63
1847,37,5,16
1848,53,36,12
1849,89,39,74
1850,53,8,45
1851,65,52,28
1852,23,5,62
1853,29,20,56
1854,53,-2,59
1855,47,11,37
1856,17,47,37
1857,62,19,67
1858,64,9,34
1859,51,16,56
1860,60,8,30
1861,85,44,65
1862,25,-14,50
1863,75,26,41
1864,99,41,47
1865,59,40,54
1866,69,51,52
1867,70,10,70
1868,56,20,77
1869,81,6,59
1870,11,46,59
1871,62,23,34
1872,72,14,48
1873,5,42,63
1874,90,26,44
1875,57,19,19
1876,39,19,31
1877,25,24,64
1878,39,50,44
1879,63,31,80
1880,72,30,39
1881,58,43,70
1882,57,35,41
1883,59,20,37
1884,75,53,51
1885,82,23,45
1886,75,42,51
1887,42,0,59
1888,85,45,39
1889,49,13,56
1890,83,12,78
1891,48,8,33
1892,-16,37,51
1893,54,46,60
1894,57,29,56
1895,66,47,36
1896,46,73,49
1897,61,32,61
1898,81,52,42
1899,30,10,56
1900,60,32,59
1901,-2,47,52
1902,70,56,38
1903,86,17,48
1904,79,23,66
1905,60,8,57
1906,57,7,57
1907,26,15,53
1908,99,16,54
1909,36,17,69
1910,34,18,49
1911,19,39,68
1912,45,33,70
1913,15,3,29
1914,81,-1,21
1915,49,56,42
1916,68,34,49
1917,18,-8,66
1918,4,30,55
1919,51,3,70
1920,92,11,63
1921,39,11,27
1922,50,27,76
1923,64,63,36
1924,32,48,57
1925,77,40,63
1926,69,18,48
1927,60,12,50
1928,54,61,34
1929,48,43,61
1930,44,18,59
1931,79,32,80
1932,66,33,53
1933,62,-11,50
1934,8,17,43
1935,24,17,39
1936,38,35,45
1937,64,33,63
1938,88,32,45
1939,105,27,75
1940,41,27,51
1941,20,18,14
1942,75,53,48
1943,81,40,54
1944,59,25,64
1945,66,-12,61
1946,60,28,42
1947,106,26,66
1948,59,5,61
1949,34,5,40
1950,68,3,39
1951,93,28,71
1952,31,12,57
1953,79,3,47
1954,80,39,55
1955,76,47,35
1956,49,28,59
1957,51,18,32
1958,51,34,44
1959,4,28,68
1960,51,32,46
1961,73,52,56
1962,80,16,50
1963,34,3,50
1964,80,47,59
1965,73,3,70
1966,53,45,37
1967,68,6,54
1968,15,31,64
1969,45,42,54
1970,49,-5,67
1971,59,27,30
1972,66,-9,69
1973,65,45,38
1974,95,27,37
1975,42,3,29
1976,68,14,46
1977,65,41,48
1978,31,-2,40
1979,86,36,59
1980,61,41,54
1981,93,52,57
1982,47,6,58
1983,31,10,58
1984,28,35,24
1985,67,36,59
1986,49,9,88
1987,-17,20,30
1988,0,46,39
1989,81,18,57
1990,57,40,51
1991,9,5,56
1992,49,36,56
1993,66,11,72
1994,52,62,48
1995,71,40,51
1996,36,3,30
1997,89,39,49
1998,51,46,50
1999,76,33,46
2000,18,22,57
